"ICD1";"ICD2";"Diagnose";"Physio";"Ergo";"Logo";"Hinweis"
"KRANKHEITEN UND VERLETZUNGEN DES NERVENSYSTEMS";"";"";"";"";"";""
"B94.1";"";"Folgezustände der Virusenzephalitis";"ZN/SO3";"EN1";"SC/ST1/SP1/ SP3/SP4/SP5/ RE1/RE2/SF";"längstens 1 Jahr nach Akutereignis"
"";"";"Bösartige Neubildungen der Meningen:";"ZN/";"EN1/ EN2";"SC/ST1/SP1/";"längstens 1 Jahr nach Akutereignis"
"C70.0";"";"Hirnhäute";"SO1/SO3";"";"SP2/SP3/SP5/";"längstens 1 Jahr nach Akutereignis"
"C70.1";"";"Rückenmarkhäute";"";"";"SP6/RE1/RE2/";""
"C70.9";"";"Meningen, nicht näher bezeichnet";"";"";"SF";""
"";"";"Bösartige Neubildung des Gehirns:";"";"";"";""
"C71.0";"";"Zerebrum, ausgenommen Hirnlappen und Ventrikel";"";"";"";""
"C71.1";"";"Frontallappen";"";"";"";""
"C71.2";"";"Temporallappen";"";"";"";""
"C71.3";"";"Parietallappen";"";"";"";""
"C71.4";"";"Okzipitallappen";"";"";"";""
"C71.5";"";"Hirnventrikel";"";"";"";""
"C71.6";"";"Zerebellum";"";"";"";""
"C71.7";"";"Hirnstamm";"";"";"";""
"C71.8";"";"Gehirn, mehrere Teilbereiche überlappend";"";"";"";""
"C71.9";"";"Gehirn, nicht näher bezeichnet";"";"";"";""
"";"";"Bösartige Neubildung des Rückenmarkes, der Hirnnerven und anderer Teile des Zentralnervensystems:";"";"";"";""
"C72.0";"";"Rückenmark";"";"";"";""
"C72.1";"";"Cauda equina";"";"";"";""
"C72.2";"";"Nn. olfactorii [I. Hirnnerv]";"";"";"";""
"C72.3";"";"N. opticus [II. Hirnnerv]";"";"";"";""
"C72.4";"";"N. vestibulocochlearis [VIII. Hirnnerv]";"";"";"";""
"C72.5";"";"Sonstige und nicht näher bezeichnete Hirnnerven";"";"";"";""
"C72.8";"";"Gehirn und andere Teile des Zentral- nervensystems, mehrere Teilbereiche überlappend";"";"";"";""
"C72.9";"";"Zentralnervensystem, nicht näher bezeichnet";"";"";"";""
"G10";"";"Chorea Huntington";"ZN";"EN1";"SC/SP5/SP6";""
"";"";"Hereditäre Ataxie:";"ZN";"EN1";"SC";""
"G11.0";"";"Angeborene nichtprogressive Ataxie";"";"";"";""
"G11.1";"";"Früh beginnende zerebellare Ataxie";"";"";"";""
"G11.2";"";"Spät beginnende zerebellare Ataxie";"";"";"";""
"G11.3";"";"Zerebellare Ataxie mit defektem DNA-Re- paratursystem";"";"";"";""
"G11.4";"";"Hereditäre spastische Paraplegie";"";"";"";""
"G11.8";"";"Sonstige hereditäre Ataxien";"";"";"";""
"G11.9";"";"Hereditäre Ataxie, nicht näher bezeichnet";"";"";"";""
"";"";"Spinale Muskelatrophie und verwandte Syndrome:";"ZN/AT";"EN2/SB3";"SC/SP6";""
"G12.0";"";"Infantile spinale Muskelatrophie, Typ I [Typ Werdnig-Hoffmann]";"";"";"";""
"G12.1";"";"Sonstige vererbte spinale Muskelatrophie";"";"";"";""
"G12.2";"";"Motoneuron-Krankheit";"";"";"";""
"G12.8";"";"Sonstige spinale Muskelatrophien und verwandte Syndrome";"";"";"";""
"G12.9";"";"Spinale Muskelatrophie, nicht näher bezeichnet";"";"";"";""
"G14";"";"Postpoliosyndrom";"ZN/PN/ AT";"EN1/EN2/ EN3";"SC/SP6";""
"";"";"Primäres Parkinson-Syndrom:";"ZN";"EN1";"SC/SP6";""
"G20.1-";"";"Primäres Parkinson-Syndrom mit mäßiger bis schwerer Beeinträchtigung (Stadien 3 oder 4 nach Hoehn und Yahr)";"";"";"";""
"G20.2-";"";"Primäres Parkinson-Syndrom mit schwers- ter Beeinträchtigung (Stadium 5 nach Hoehn und Yahr)";"ZN";"EN1";"SC/SP6/ ST1";""
"";"";"Sekundäres Parkinson-Syndrom:";"ZN";"EN1";"SC/SP6";""
"G21.3";"";"Postenzephalitisches Parkinson-Syndrom";"";"";"";""
"G21.4";"";"Vaskuläres Parkinson-Syndrom";"";"";"";""
"G21.8";"";"Sonstiges sekundäres Parkinson-Syndrom";"";"";"";""
"G24.3";"";"Torticollis spasticus";"ZN";"";"";"nur bei gleichzeitiger leitliniengerechter medikamentöser Therapie"
"";"";"Multiple Sklerose [Encephalomyelitis disseminata]:";"ZN";"EN1/EN2";"SC/ST1/ SP5/SP6";""
"G35.0";"";"Erstmanifestation einer multiplen Skle- rose";"";"";"";""
"G35.1-";"";"Multiple Sklerose mit vorherrschend schubförmigem Verlauf";"";"";"";""
"G35.2-";"";"Multiple Sklerose mit primär-chronischem Verlauf";"";"";"";""
"G35.3-";"";"Multiple Sklerose mit sekundär-chroni- schem Verlauf";"";"";"";""
"  G35.9                           ";"";"Multiple Sklerose, nicht näher bezeichnet  ";"";"";"";""
"Sonstige akute disseminierte Demyelinisation:";"";"";"";"";"";""
"G36.0";"";"Neuromyelitis optica [Devic-Krankheit]";"";"";"";""
"G36.1";"";"Akute und subakute hämorrhagische Leukoenzephalitis [Hurst]";"";"";"";""
"G36.8";"";"Sonstige näher bezeichnete akute dis- seminierte Demyelinisation";"";"";"";""
"G36.9";"";"Akute disseminierte Demyelinisation, nicht näher bezeichnet";"";"";"";""
"";"";"Sonstige demyelinisierende Krankheiten des Zentralnervensystems:";"ZN";"EN1/EN2";"SC/ST1/ SP5/SP6";""
"G37.0";"";"Diffuse Hirnsklerose";"";"";"";""
"G37.1";"";"Zentrale Demyelinisation des Corpus callosum";"";"";"";""
"G37.2";"";"Zentrale pontine Myelinolyse";"";"";"";""
"G37.3";"";"Myelitis transversa acuta bei demyelini- sierender Krankheit des Zentralnerven- systems";"";"";"";""
"G37.4";"";"Subakute nekrotisierende Myelitis [Foix- Alajouanine-Syndrom]";"";"";"";""
"G37.5";"";"Konzentrische Sklerose [Baló-Krankheit]";"";"";"";""
"G37.8";"";"Sonstige näher bezeichnete demyelini- sierende Krankheiten des Zentralnerven- systems";"";"";"";""
"G37.9";"";"Demyelinisierende Krankheit des Zentral- nervensystems, nicht näher bezeichnet";"";"";"";""
"";"";"Polyneuropathien und sonstige Krank- heiten des peripheren Nervensystems:";"";"";"";""
"G60.0";"";"Hereditäre sensomotorische Neuropathie";"WS/EX/PN";"SB2/EN3";"SP3";""
"G60.8";"";"Sonstige hereditäre und idiopathische Neuropathien";"EX/CS/PN/ SO4";"SB1/SB2/ EN3";"";""
"G61.0";"";"Guillain-Barré-Syndrom";"PN";"EN3";"";""
"G61.8";"";"Sonstige Polyneuritiden";"PN";"EN3";"";"nur chronisch inflammatorische demyelinisierende Polyradikuloneuro- pathie (CIDP)"
"G70.0";"";"Myasthenia gravis";"ZN";"EN1/SB3";"SC/SP6";""
"G70.2";"";"Angeborene oder entwicklungsbedingte Myasthenie";"PN/AT";"EN3/SB3";"SC/SP6";""
"G71.0";"";"Muskeldystrophie";"ZN/AT";"EN2/SB3";"SC/SP6";""
"G71.1";"";"Myotone Syndrome";"PN/AT";"EN3/SB3";"SC/SP6";""
"G71.2";"";"Angeborene Myopathien";"WS/EX/ PN/AT";"EN3/SB3";"SC/SP6";""
"G71.3";"";"Mitochondriale Myopathie, anderenorts nicht klassifiziert";"ZN/PN";"EN1/EN3/ SB3";"SC/SP6";""
"G73.6*";"";"Myopathie bei Stoffwechselerkrankungen";"PN";"EN3/SB3";"SC/SP6";""
"";"";"Infantile Zerebralparese:";"ZN";"EN1";"SP1/SP2/";""
"G80.0";"";"Spastische tetraplegische Zerebralparese";"";"";"SP6/SC";""
"G80.1";"";"Spastische diplegische Zerebralparese";"";"";"";""
"G80.2";"";"Infantile hemiplegische Zerebralparese";"";"";"";""
"G80.3";"";"Dyskinetische Zerebralparese";"";"";"";""
"G80.4";"";"Ataktische Zerebralparese";"";"";"";""
"G80.8";"";"Sonstige infantile Zerebralparese";"";"";"";""
"G80.9";"";"Infantile Zerebralparese, nicht näher be- zeichnet";"";"";"";""
"";"";"Hemiparese und Hemiplegie:";"ZN";"EN1";"";""
"G81.0";"";"Schlaffe Hemiparese und Hemiplegie";"";"";"";""
"G81.1";"";"Spastische Hemiparese und Hemiplegie";"";"";"";""
"";"";"Paraparese und Paraplegie, Tetraparese und Tetraplegie:";"ZN";"EN1/EN2";"";""
"G82.0-";"";"Schlaffe Paraparese und Paraplegie";"";"";"";""
"G82.1-";"";"Spastische Paraparese und Paraplegie";"";"";"";""
"G82.2-";"";"Paraparese und Paraplegie, nicht näher bezeichnet";"";"";"";""
"G82.3-";"";"Schlaffe Tetraparese und Tetraplegie";"";"";"";""
"G82.4-";"";"Spastische Tetraparese und Tetraplegie";"";"";"";""
"G82.5-";"";"Tetraparese und Tetraplegie, nicht näher bezeichnet";"";"";"";""
"G91.2-";"";"Normaldruckhydrozephalus";"ZN";"EN1";"";""
"G93.1";"";"Anoxische Hirnschädigung, anderenorts nicht klassifiziert";"ZN";"EN1";"SC";"Wachkoma (apallisches Syndrom, auch infolge Hypoxie)"
"G93.80";"";"Apallisches Syndrom";"";"";"";""
"G95.0";"";"Syringomyelie und Syringobulbie";"ZN";"EN1/EN2";"";""
"";"";"Subarachnoidalblutung:";"ZN";"EN1";"SC/SP5/ SP6/ST1";"längstens 1 Jahr nach Akutereignis"
"I60.0";"";"Subarachnoidalblutung, vom Karotis- siphon oder der Karotisbifurkation aus- gehend";"";"";"";""
"I60.1";"";"Subarachnoidalblutung, von der
A. cerebri media ausgehend";"";"";"";""
"I60.2";"";"Subarachnoidalblutung, von der
A. communicans anterior ausgehend";"";"";"";""
"I60.3";"";"Subarachnoidalblutung, von der
A. communicans posterior ausgehend";"";"";"";""
"I60.4";"";"Subarachnoidalblutung, von der
A. basilaris ausgehend";"";"";"";""
"I60.5";"";"Subarachnoidalblutung, von der A. verte- bralis ausgehend";"";"";"";""
"I60.6";"";"Subarachnoidalblutung, von sonstigen intrakraniellen Arterien ausgehend";"";"";"";""
"I60.7";"";"Subarachnoidalblutung, von nicht näher bezeichneter intrakranieller Arterie aus- gehend";"";"";"";""
"I60.8";"";"Sonstige Subarachnoidalblutung";"";"";"";""
"I60.9";"";"Subarachnoidalblutung, nicht näher be- zeichnet";"";"";"";""
"";"";"Intrazerebrale Blutung:";"ZN";"EN1";"SC/SP5/ SP6/ST1";"längstens 1 Jahr nach Akutereignis"
"I61.0";"";"Intrazerebrale Blutung in die Großhirnhe- misphäre, subkortikal";"";"";"";""
"I61.1";"";"Intrazerebrale Blutung in die Großhirnhe- misphäre, kortikal";"";"";"";""
"I61.2";"";"Intrazerebrale Blutung in die Großhirnhe- misphäre, nicht näher bezeichnet";"";"";"";""
"I61.3";"";"Intrazerebrale Blutung in den Hirnstamm";"";"";"";""
"I61.4";"";"Intrazerebrale Blutung in das Kleinhirn";"";"";"";""
"I61.5";"";"Intrazerebrale intraventrikuläre Blutung";"";"";"";""
"I61.6";"";"Intrazerebrale Blutung an mehreren Lokalisationen";"";"";"";""
"I61.8";"";"Sonstige intrazerebrale Blutung";"";"";"";""
"I61.9";"";"Intrazerebrale Blutung, nicht näher be- zeichnet";"";"";"";""
"";"";"Hirninfarkt:";"ZN";"EN1";"SC/SP5/ SP6/ST1";"längstens 1 Jahr nach Akutereignis"
"I63.0";"";"Hirninfarkt durch Thrombose präzerebra- ler Arterien";"";"";"";""
"I63.1";"";"Hirninfarkt durch Embolie präzerebraler Arterien";"";"";"";""
"I63.2";"";"Hirninfarkt durch nicht näher bezeichne- ten Verschluss oder Stenose präzerebra- ler Arterien";"";"";"";""
"I63.3";"";"Hirninfarkt durch Thrombose zerebraler Arterien";"";"";"";""
"I63.4";"";"Hirninfarkt durch Embolie zerebraler Arterien";"";"";"";""
"I63.5";"";"Hirninfarkt durch nicht näher bezeichne- ten Verschluss oder Stenose zerebraler Arterien";"";"";"";""
"I63.6";"";"Hirninfarkt durch Thrombose der Hirn- venen, nichteitrig";"";"";"";""
"I63.8";"";"Sonstiger Hirninfarkt";"";"";"";""
"I63.9";"";"Hirninfarkt, nicht näher bezeichnet";"";"";"";""
"I64";"";"Schlaganfall, nicht als Blutung oder In- farkt bezeichnet";"";"";"";""
"";"";"Folgen einer zerebrovaskulären Krankheit:";"ZN";"EN1";"SC/SP5/ SP6/ST1";"längstens 1 Jahr nach Akutereignis"
"I69.0";"";"Folgen einer Subarachnoidalblutung";"";"";"";""
"I69.1";"";"Folgen einer intrazerebralen Blutung";"";"";"";""
"I69.2";"";"Folgen einer sonstigen nichttraumati- schen intrakraniellen Blutung";"";"";"";""
"I69.3";"";"Folgen eines Hirninfarktes";"";"";"";""
"I69.4";"";"Folgen eines Schlaganfalls, nicht als Blutung oder Infarkt bezeichnet";"";"";"";""
"I69.8";"";"Folgen sonstiger und nicht näher bezeich- neter zerebrovaskulärer Krankheiten";"";"";"";""
"";"";"Enzephalozele:";"ZN/AT/ SO1/SO3";"EN1";"SC/SP1/ SP5/SP6";""
"Q01.0";"";"Frontale Enzephalozele";"";"";"";""
"Q01.1";"";"Nasofrontale Enzephalozele";"";"";"";""
"Q01.2";"";"Okzipitale Enzephalozele";"";"";"";""
"Q01.8";"";"Enzephalozele sonstiger Lokalisationen";"";"";"";""
"Q01.9";"";"Enzephalozele, nicht näher bezeichnet";"";"";"";""
"";"";"Angeborener Hydrozephalus:";"ZN/AT/ SO1/SO3";"EN1";"SC/SP1/ SP5/SP6";""
"Q03.0";"";"Fehlbildungen des Aquaeductus cerebri";"";"";"";""
"Q03.1";"";"Atresie der Apertura mediana [Foramen Magendii] oder der Aperturae laterales [Foramina Luschkae] des vierten Ventri- kels";"";"";"";""
"Q03.8";"";"Sonstiger angeborener Hydrozephalus";"";"";"";""
"Q03.9";"";"Angeborener Hydrozephalus, nicht näher bezeichnet";"";"";"";""
"";"";"Sonstige angeborene Fehlbildungen des Gehirns:";"ZN/AT/ SO1/SO3";"EN1";"SC/SP1/ SP5/SP6";""
"Q04.0";"";"Angeborene Fehlbildungen des Corpus callosum";"";"";"";""
"Q04.1";"";"Arrhinenzephalie";"";"";"";""
"Q04.2";"";"Holoprosenzephalie-Syndrom";"";"";"";""
"Q04.3";"";"Sonstige Reduktionsdeformitäten des Gehirns";"";"";"";""
"Q04.4";"";"Septooptische Dysplasie";"";"";"";""
"Q04.5";"";"Megalenzephalie";"";"";"";""
"Q04.6";"";"Angeborene Gehirnzysten";"";"";"";""
"Q04.8";"";"Sonstige näher bezeichnete angeborene Fehlbildungen des Gehirns";"";"";"";""
"Q04.9";"";"Angeborene Fehlbildung des Gehirns, nicht näher bezeichnet";"";"";"";""
"";"";"Spina bifida:";"ZN/AT/ SO1/SO3";"EN1/EN2";"SC/SP1/ SP5/SP6";""
"Q05.0";"";"Zervikale Spina bifida mit Hydrozephalus";"";"";"";""
"Q05.1";"";"Thorakale Spina bifida mit Hydrozephalus";"";"";"";""
"Q05.2";"";"Lumbale Spina bifida mit Hydrozephalus";"";"";"";""
"Q05.3";"";"Sakrale Spina bifida mit Hydrozephalus";"";"";"";""
"Q05.4";"";"Nicht näher bezeichnete Spina bifida mit Hydrozephalus";"";"";"";""
"Q05.5";"";"Zervikale Spina bifida ohne Hydrozepha- lus";"";"";"";""
"Q05.6";"";"Thorakale Spina bifida ohne Hydroze- phalus";"";"";"";""
"Q05.7";"";"Lumbale Spina bifida ohne Hydrozepha- lus";"";"";"";""
"Q05.8";"";"Sakrale Spina bifida ohne Hydrozephalus";"";"";"";""
"Q05.9";"";"Spina bifida, nicht näher bezeichnet";"";"";"";""
"";"";"Sonstige angeborene Fehlbildungen des Rückenmarkes:";"ZN/AT/SO1/ SO3";"EN2";"SC/SP1/SP6";""
"Q06.0";"";"Amyelie";"";"";"";""
"Q06.1";"";"Hypoplasie und Dysplasie des Rücken- markes";"";"";"";""
"Q06.2";"";"Diastematomyelie";"";"";"";""
"Q06.3";"";"Sonstige angeborene Fehlbildungen der Cauda equina";"";"";"";""
"Q06.4";"";"Hydromyelie";"";"";"";""
"Q06.8";"";"Sonstige näher bezeichnete angeborene Fehlbildungen des Rückenmarkes";"";"";"";""
"Q06.9";"";"Angeborene Fehlbildung des Rückenmar- kes, nicht näher bezeichnet";"";"";"";""
"";"";"Verletzungen der Nerven und des Rückenmarkes in Halshöhe:";"ZN/AT";"EN1/EN2";"";"längstens 1 Jahr nach Akutereignis"
"S14.0";"";"Kontusion und Ödem des zervikalen Rückenmarkes";"";"";"";""
"S14.1-";"";"Sonstige und nicht näher bezeichnete Verletzungen des zervikalen Rückenmar- kes";"";"";"";""
"S14.2";"";"Verletzung von Nervenwurzeln der Hals- wirbelsäule";"";"";"";""
"S14.3";"";"Verletzung des Plexus brachialis";"ZN/AT";"EN1/EN2/";"";"längstens 1 Jahr nach Akutereignis"
"S14.4";"";"Verletzung peripherer Nerven des Halses";"";"EN3";"";""
"S14.5";"";"Verletzung zervikaler sympathischer Nerven";"ZN/AT";"EN1/EN2";"";"längstens 1 Jahr nach Akutereignis"
"";"";"Verletzungen der Nerven und des Rückenmarkes in Thoraxhöhe:";"ZN";"EN1/EN2";"";"längstens 1 Jahr nach Akutereignis"
"S14.6";"";"Verletzung sonstiger und nicht näher be- zeichneter Nerven des Halses";"";"";"";""
"S24.0";"";"Kontusion und Ödem des thorakalen Rückenmarkes";"";"";"";""
"S24.1-";"";"Sonstige und nicht näher bezeichnete Verletzungen des thorakalen Rückenmar- kes";"";"";"";""
"S24.2";"";"Verletzung von Nervenwurzeln der Brust- wirbelsäule";"";"";"";""
"S24.3";"";"Verletzung peripherer Nerven des Thorax";"";"";"";""
"S24.4";"";"Verletzung thorakaler sympathischer Nerven";"";"";"";""
"S24.5";"";"Verletzung sonstiger Nerven des Thorax";"";"";"";""
"S24.6";"";"Verletzung eines nicht näher bezeichne- ten Nervs des Thorax";"";"";"";""
"";"";"Verletzung der Nerven und des lumbalen Rückenmarkes in Höhe des Abdomens, der Lumbosakralgegend und des Beckens:";"ZN";"EN1/EN2";"";"längstens 1 Jahr nach Akutereignis"
"S34.0";"";"Kontusion und Ödem des lumbalen Rü- ckenmarkes [Conus medullaris]";"";"";"";""
"S34.1-";"";"Sonstige Verletzung des lumbalen Rü- ckenmarkes";"";"";"";""
"S34.2";"";"Verletzung von Nervenwurzeln der Len- denwirbelsäule und des Kreuzbeins";"";"";"";""
"S34.3-";"";"Verletzung der Cauda equina";"";"";"";""
"S34.4";"";"Verletzung des Plexus lumbosacralis";"";"";"";""
"S34.5";"";"Verletzung sympathischer Nerven der Lendenwirbel-, Kreuzbein- und Becken- region";"ZN";"EN1/EN2";"";"längstens 1 Jahr nach Akutereignis"
"S34.6";"";"Verletzung eines oder mehrerer periphe- rer Nerven des Abdomens, der Lumbosa- kralgegend und des Beckens";"";"";"";""
"S34.8";"";"Verletzung  sonstiger und nicht näher bezeichneter Nerven in Höhe des Abdo- mens, der Lumbosakralgegend und des Beckens";"";"";"";""
"T09.3";"";"Verletzung des Rückenmarkes, Höhe nicht näher bezeichnet";"ZN/AT";"EN2";"";"längstens 1 Jahr nach Akutereignis"
"KRANKHEITEN DER WIRBELSÄULE UND DES SKELETTSYSTEMS";"";"";"";"";"";""
"T90.5";"";"Folgen einer intrakraniellen Verletzung";"ZN/AT/SO3";"EN1";"SC/SP5 SP6";"Folgen einer Ver- letzung, die unter S06.- klassifizierbar ist:
- nicht umfasst: S06.0 Gehirner- schütterung
- umfasst: S06.1 bis S06.9
Hinweis: Folgen oder Spätfolgen, die ein Jahr oder länger nach der akuten Verletzung bestehen"
"M40.0-";"";"Kyphose als Haltungsstörung";"WS";"";"";"ab Gesamtkypho- sewinkel über 60° bei Erwachsenen"
"M40.1-";"";"Sonstige sekundäre Kyphose";"";"";"";""
"M41.0-";"";"Idiopathische Skoliose beim Kind";"WS/EX";"SB1";"";"Skoliose über 20° nach Cobb bei Kindern bis zum vollendeten 18. Lebensjahr"
"M41.1-";"";"Idiopathische Skoliose beim Jugend- lichen";"";"";"";""
"M41.2-";"";"Sonstige idiopathische Skoliose";"WS/AT";"SB1";"";"ab 50° nach Cobb bei Erwachsenen"
"M41.5-";"";"Sonstige sekundäre Skoliose";"";"";"";""
"M42.04";"";"Juvenile Osteochondrose der Wirbelsäule (Thorakalbereich)";"WS";"";"";"fixierte Kyphose ab Gesamtkyphose- winkel über 40° bei Kindern bis zum vollendeten 18.
Lebensjahr"
"M42.05";"";"Juvenile Osteochondrose der Wirbelsäule (Thorakolumbalbereich)";"";"";"";""
"M47.0-";"G99.2";"Arteria-spinalis-anterior-Kompressions- syndrom und Arteria-vertebralis-Kompres- sionssyndrom mit Myelopathie";"WS/EX/ ZN";"EN2";"";"längstens 6 Monate nach Akutereignis
Voraussetzung für die Anerkennung als besonderer Ver- ordnungsbedarf ist die Angabe beider ICD-10-Diagno- seschlüssel"
"M47.1-";"G99.2";"Sonstige Spondylose mit Myelopathie";"";"";"";""
"M47.2-";"G55.2";"Sonstige Spondylose mit Radikulopathie";"";"";"";""
"M47.9-";"G99.2";"Spondylose, nicht näher bezeichnet mit Myelopathie";"";"";"";""
"M47.9-";"G55.2";"Spondylose, nicht näher bezeichnet mit Radikulopathie";"";"";"";""
"M48.0-";"G55.3";"Spinalkanalstenose mit Radikulopathie";"";"";"";""
"M50.0";"G99.2";"Zervikaler Bandscheibenschaden mit Myelopathie";"";"";"";""
"M50.1";"G55.1";"Zervikaler Bandscheibenschaden mit Radikulopathie";"";"";"";""
"M51.0";"G99.2";"Lumbale und sonstige Bandscheiben- schäden mit Myelopathie";"";"";"";""
"";"";"Schulterläsionen:";"EX";"";"";""
"M51.1";"G55.1";"Lumbale und sonstige Bandscheiben- schäden mit Radikulopathie";"";"";"";""
"M75.1";"";"Läsionen der Rotatorenmanschette";"";"";"";""
"";"";"Sonstige Osteopathien:";"";"";"";""
"M89.0-";"";"Neurodystrophie [Algodystrophie]";"EX/LY/ PN";"SB2";"";"längstens 1 Jahr nach Akutereignis"
"G90.5-";"";"Komplexes regionales Schmerzsyndrom, Typ I";"";"";"";""
"G90.6-";"";"Komplexes regionales Schmerzsyndrom, Typ II";"";"";"";""
"";"";"Verlust von oberen und unteren Extremi- täten";"EX/WS/ CS/LY";"SB2";"";"längstens 12 Monate
nach Akutereignis"
"G90.7-";"";"Komplexes regionales Schmerzsyndrom, sonstiger und nicht näher bezeichneter Typ";"";"";"";""
"Z89.1";"";"Einseitiger Verlust der Hand und des Handgelenks";"";"";"";""
"Z89.2";"";"Einseitiger Verlust der oberen Extremität (oberhalb des Handgelenkes)";"";"";"";""
"Z89.5";"";"Einseitiger Verlust der unteren Extremität unterhalb oder bis zum Knie";"";"";"";""
"Z89.3";"";"Beidseitiger (teilweiser) Verlust der obe- ren Extremitäten";"EX/WS/ CS/LY";"SB2";"";""
"Z89.6";"";"Einseitiger Verlust der unteren Extremität (oberhalb des Knies)";"";"";"";""
"Z89.7";"";"Beidseitiger (teilweiser) Verlust der unte- ren Extremitäten";"";"";"";""
"Z89.8";"";"Verlust der oberen und unteren Extremi- täten [jede Höhe]";"";"";"";""
"";"";"Seropositive chronische Polyarthritis:";"WS/EX/AT";"SB1";"";""
"ENTZÜNDLICHE POLYARTHROPATHIEN, SYSTEMKRANKHEITEN DES BINDEGEWEBES UND SPONDYLOPATHIEN";"";"";"";"";"";""
"M05.0-";"";"Felty-Syndrom";"";"";"";""
"M05.1-";"";"Lungenmanifestation der seropositiven chronischen Polyarthritis";"";"";"";""
"M05.2-";"";"Vaskulitis bei seropositiver chronischer Polyarthritis";"";"";"";""
"M05.3-";"";"Seropositive chronische Polyarthritis mit Beteiligung sonstiger Organe und Organ- systeme";"";"";"";""
"M05.8-";"";"Sonstige seropositive chronische Poly- arthritis";"";"";"";""
"M05.9-";"";"Seropositive chronische Polyarthritis, nicht näher bezeichnet";"";"";"";""
"M06.0-";"";"Seronegative chronische Polyarthritis";"WS/EX";"SB1";"";""
"";"";"Arthritis psoriatica und Arthritiden bei gastrointestinalen Grundkrankheiten:";"WS/EX";"SB1";"";""
"M06.1-";"";"Adulte Form der Still-Krankheit";"WS/EX";"SB1";"";""
"M07.0-";"";"Distale interphalangeale Arthritis psoria- tica";"";"";"";""
"M07.1-";"";"Arthritis multilans";"";"";"";""
"M07.2";"";"Spondylitis psoriatica";"";"";"";""
"M07.3-";"";"Sonstige psoriatische Arthritiden";"";"";"";""
"M07.4-";"";"Arthritis bei Crohn-Krankheit [Enteritis regionalis]";"";"";"";""
"M07.5-";"";"Arthritis bei Colitis ulcerosa";"";"";"";""
"M07.6-";"";"Sonstige Arthritiden bei gastrointestina- len Grundkrankheiten";"";"";"";""
"";"";"Juvenile Arthritis:";"WS/EX";"SB1";"";""
"M08.0-";"";"Juvenile chronische Polyarthritis, adulter Typ";"";"";"";""
"M08.1-";"";"Juvenile Spondylitis ankylosans";"";"";"";""
"M08.2-";"";"Juvenile chronische Arthritis, systemisch beginnende Form";"";"";"";""
"M08.3";"";"Juvenile chronische Arthritis (seronega- tiv), polyartikuläre Form";"";"";"";""
"M08.4-";"";"Juvenile chronische Arthritis, oligoartiku- läre Form";"";"";"";""
"M08.7-";"";"Vaskulitis bei juveniler Arthritis";"";"";"";""
"M08.8-";"";"Sonstige juvenile Arthritis";"";"";"";""
"M08.9-";"";"Juvenile Arthritis, nicht näher bezeichnet";"";"";"";""
"M30.0";"";"Panarteriitis nodosa";"EX/ZN/ PN";"EN1/SB1/ SB3";"SC";""
"M31.3";"";"Granulomatose mit Polyangiitis*";"";"";"";""
"M32.1";"";"Systemischer Lupus erythematodes mit Beteiligung von Organen oder Organsys- temen";"EX/WS/ AT";"SB1/SB3";"";""
"M32.8";"";"Sonstige Formen des systemischen Lupus erythematodes";"";"";"";""
"M33.0";"";"Juvenile Dermatomyositis";"EX/ZN/ PN";"EN1/SB1/ SB3";"SC";""
"M33.1";"";"Sonstige Dermatomyositis";"";"";"";""
"M33.2";"";"Polymyositis";"";"";"";""
"";"";"Systemische Sklerose:";"WS/EX/";"SB1/SB3";"";""
"M34.0";"";"Progressive systemische Sklerose";"AT";"";"";""
"M34.1";"";"CR(E)ST-Syndrom";"";"";"";""
"M34.2";"";"Systemische Sklerose, durch Arzneimittel oder chemische Substanzen induziert";"";"";"";""
"M34.8";"";"Sonstige Formen der systemischen Sklerose";"";"";"";""
"M34.9";"";"Systemische Sklerose, nicht näher be- zeichnet";"";"";"";""
"";"";"Systemkrankheiten des Bindegewebes bei anderenorts klassifizierten Krank- heiten";"EX/CS";"SB1";"";""
"M36.2";"";"Arthropathia haemophilica";"";"";"";""
"ANGEBORENE FEHLBILDUNGEN DES MUSKEL-SKELETT-SYSTEMS ODER MIT BETEILIGUNG MEHRERER SYSTEME";"";"";"";"";"";""
"M45.0-";"";"Spondylitis ankylosans";"WS/EX";"SB1";"";""
"Q79.6";"";"Ehlers-Danlos-Syndrom";"WS/EX/CS";"SB1/SB2";"";""
"Q87.4";"";"Marfan-Syndrom";"WS/EX/ AT";"SB1/SB3";"";""
"ANGEBORENE FEHLBILDUNGEN UND DEFORMITÄTEN DES MUSKEL-SKELETT-SYSTEMS";"";"";"";"";"";""
"Q66.0";"";"Pes equinovarus congenitus (Klumpfuß)";"EX";"SB2";"";""
"Q68.0";"";"Angeborene Deformitäten des M. sternoc- leidomastoideus";"EX";"SB3";"";""
"";"";"Reduktionsdefekte der oberen Extremität (insbesondere in Folge von Contergan- Schädigungen):";"CS/AT/PN/ WS/EX/ZN/ GE/LY/ SO1/SO2/ SO3/SO4";"SB2";"";""
"Q71.0";"";"Angeborenes vollständiges Fehlen der oberen Extremität(en)";"";"";"";""
"Q71.1";"";"Angeborenes Fehlen des Ober- und Unter- armes bei vorhandener Hand";"";"";"";""
"Q71.2";"";"Angeborenes Fehlen sowohl des Unter- armes als auch der Hand";"";"";"";""
"Q71.3";"";"Angeborenes Fehlen der Hand oder eines oder mehrerer Finger";"";"";"";""
"Q71.4";"";"Longitudinaler Reduktionsdefekt des Radius";"";"";"";""
"Q71.5";"";"Longitudinaler Reduktionsdefekt der Ulna";"";"";"";""
"Q71.6";"";"Spalthand";"";"";"";""
"Q71.8";"";"Sonstige Reduktionsdefekte der oberen Extremität(en)";"";"";"";""
"Q71.9";"";"Reduktionsdefekt der oberen Extremität, nicht näher bezeichnet";"";"";"";""
"";"";"Reduktionsdefekte der unteren Extremi- tät (insbesondere in Folge von Conter- gan- Schädigungen):";"CS/AT/PN/ WS/EX/ZN/ GE/LY/ SO1/SO2/ SO3/SO4";"SB2";"";""
"Q72.0";"";"Angeborenes vollständiges Fehlen der unteren Extremität(en)";"";"";"";""
"Q72.1";"";"Angeborenes Fehlen des Ober- und Unter- schenkels bei vorhandenem Fuß";"";"";"";""
"Q72.2";"";"Angeborenes Fehlen sowohl des Unter- schenkels als auch des Fußes";"";"";"";""
"Q72.3";"";"Angeborenes Fehlen des Fußes oder einer oder mehrerer Zehen";"";"";"";""
"Q72.4";"";"Longitudinaler Reduktionsdefekt des Femurs";"";"";"";""
"Q72.5";"";"Longitudinaler Reduktionsdefekt der Tibia";"";"";"";""
"Q72.6";"";"Longitudinaler Reduktionsdefekt der Fibula";"";"";"";""
"Q72.7";"";"Spaltfuß";"";"";"";""
"Q72.8";"";"Sonstige Reduktionsdefekte der unteren Extremität(en)";"";"";"";""
"Q72.9";"";"Reduktionsdefekt der unteren Extremität, nicht näher bezeichnet";"";"";"";""
"";"";"Reduktionsdefekte nicht näher bezeich- neter Extremitäten (insbesondere in Folge von Contergan-Schädigungen):";"";"";"";""
"Q73.0";"";"Angeborenes Fehlen nicht näher bezeich- neter Extremität(en)";"";"";"";""
"";"";"";"DIAGNOSEGRUPPE";"";"";""
"Q73.1";"";"Phokomelie nicht näher bezeichneter Extremität(en)";"";"";"";""
"Q73.8";"";"Sonstige Reduktionsdefekte nicht näher bezeichneter Extremität(en)";"";"";"";""
"Q74.3";"";"Arthrogryposis multiplex congenita";"EX";"SB1";"";""
"Q78.0";"";"Osteogenesis imperfecta";"EX/WS";"SB1";"";""
"Q86.80";"";"Thalidomid-Embryopathie";"";"";"SP3/SP4/ SP6";""
"Q87.0";"";"Angeborene Fehlbildungssyndrome mit vorwiegender Beteiligung des Gesichtes";"WS/EX";"SB2";"SP3/SF/ SC";""
"Q87.2";"";"Angeborene Fehlbildungssyndrome mit vorwiegender Beteiligung der Extremi- täten";"EX/CS/LY";"SB1/SB2";"";""
"ZUSTAND NACH OPERATIVEN EINGRIFFEN DES SKELETTSYSTEMS";"";"";"";"";"";""
"M24.41";"Z98.8";"Habituelle Luxation und Subluxation eines Gelenkes: Schulterregion";"EX";"SB2";"";""
"Z96.60";"Z98.8";"Vorhandensein einer Schulterprothese";"EX";"SB2";"";""
"Z96.64";"Z98.8";"Vorhandensein einer Hüftgelenkprothese";"EX/LY";"SB2";"";""
"ERKRANKUNGEN DES LYMPHSYSTEMS";"";"";"";"";"";""
"Z96.65";"Z98.8";"Vorhandensein einer Kniegelenkprothese";"";"";"";""
"C00- C97";"";"Bösartige Neubildungen";"LY";"";"";"bösartige Neubil- dungen nach OP/Radiatio, ins- besondere bei
- bösartigem Melanom
- Mammakarzinom
- Malignome Kopf/ Hals
- Malignome des kleinen Beckens (weibliche, männ- li-che Genitalorga- ne, Harnorgane)"
"I89.01";"";"Lymphödem der oberen und unteren Extremität(en), Stadium II";"LY";"";"";""
"I89.02";"";"Lymphödem der oberen und unteren Extremität(en), Stadium III";"";"";"";""
"I89.04";"";"Lymphödem, sonstige Lokalisation, Stadium II";"";"";"";""
"I89.05";"";"Lymphödem, sonstige Lokalisation, Stadium III";"";"";"";""
"I97.21";"";"Lymphödem nach (partieller) Mastekto- mie (mit Lymphadenektomie), Stadium II";"";"";"";""
"I97.22";"";"Lymphödem nach (partieller) Mastekto- mie (mit Lymphadenektomie), Stadium III";"";"";"";""
"I97.82";"";"Lymphödem nach medizinischen Maß- nahmen am axillären Lymphabflussge- biet, Stadium II";"";"";"";""
"I97.83";"";"Lymphödem nach medizinischen Maß- nahmen am axillären Lymphabflussge- biet, Stadium III";"";"";"";""
"I97.85";"";"Lymphödem nach medizinischen Maß- nahmen am inguinalen Lymphabflussge- biet, Stadium II";"";"";"";""
"I97.86";"";"Lymphödem nach medizinischen Maß- nahmen am inguinalen Lymphabflussge- biet, Stadium III";"";"";"";""
"Q82.01";"";"Hereditäres Lymphödem der oberen und unteren Extremität(en), Stadium II";"";"";"";""
"Q82.02";"";"Hereditäres Lymphödem der oberen und unteren Extremität(en), Stadium III";"";"";"";""
"Q82.04";"";"Hereditäres Lymphödem, sonstige Lokali- sation, Stadium II";"";"";"";""
"Q82.05";"";"Hereditäres Lymphödem, sonstige Lokali- sation, Stadium III";"";"";"";""
"";"";"Gaumenspalte mit Lippenspalte:";"";"";"SP3/SF";""
"STÖRUNGEN DER SPRACHE";"";"";"";"";"";""
"Q37.0";"";"Spalte des harten Gaumens mit beidseiti- ger Lippenspalte";"";"";"";""
"Q37.1";"";"Spalte des harten Gaumens mit einseiti- ger Lippenspalte";"";"";"";""
"Q37.2";"";"Spalte des weichen Gaumens mit beidsei- tiger Lippenspalte";"";"";"";""
"Q37.3";"";"Spalte des weichen Gaumens mit einseiti- ger Lippenspalte";"";"";"";""
"Q37.4";"";"Spalte des harten und des weichen Gau- mens mit beidseitiger Lippenspalte";"";"";"";""
"Q37.5";"";"Spalte des harten und des weichen Gau- mens mit einseitiger Lippenspalte";"";"";"";""
"Q37.8";"";"Gaumenspalte, nicht näher bezeichnet, mit beidseitiger Lippenspalte";"";"";"";""
"ENTWICKLUNGSSTÖRUNGEN";"";"";"";"";"";""
"Q37.9";"";"Gaumenspalte, nicht näher bezeichnet, mit einseitiger Lippenspalte";"";"";"";""
"";"";"Umschriebene Entwicklungsstörungen des Sprechens und der Sprache:";"";"";"SP1/SP2";"bis zum vollende- ten 12. Lebensjahr"
"F80.1";"";"Expressive Sprachstörung";"";"";"";""
"F80.2-";"";"Rezeptive Sprachstörung";"";"";"";""
"F83";"";"Kombinierte umschriebene Entwicklungs- störungen";"ZN";"EN1";"SP1/SP2/ SP3/SP6/ RE2";"bis zum vollende- ten 18. Lebensjahr"
"";"";"Tiefgreifende Entwicklungsstörungen:";"ZN";"EN1/PS1";"SP1";""
"F84.0";"";"Frühkindlicher Autismus";"";"";"";""
"F84.1";"";"Atypischer Autismus";"";"";"";""
"F84.3";"";"Andere desintegrative Störung des Kin- desalters";"";"";"";""
"F84.4";"";"Überaktive Störung mit Intelligenzminde- rung und Bewegungsstereotypien";"";"";"";""
"F84.5";"";"Asperger-Syndrom";"";"";"";""
"F84.8";"";"Sonstige tief greifende Entwicklungs- störungen";"";"";"";""
"";"";"Down-Syndrom:";"ZN";"EN1";"SP1/SP3/ RE1/SC";""
"CHROMOSOMENANOMALIEN";"";"";"";"";"";""
"F84.2";"";"Rett-Syndrom";"ZN/WS/ EX/AT";"PS1/EN1/ SB1/SB3";"SP1/SC";""
"Q90.0";"";"Trisomie 21, meiotische Non-disjunction";"";"";"";""
"Q90.1";"";"Trisomie 21, Mosaik (mitotische Non-dis- junction)";"";"";"";""
"Q90.2";"";"Trisomie 21, Translokation";"";"";"";""
"";"";"Edwards-Syndrom und Patau-Syndrom:";"ZN";"EN1";"SP1";""
"Q90.9";"";"Down-Syndrom, nicht näher bezeichnet";"";"";"";""
"Q91.0";"";"Trisomie 18, meiotische Non-disjunction";"";"";"";""
"Q91.1";"";"Trisomie 18, Mosaik (mitotische Non-dis- junction)";"";"";"";""
"Q91.2";"";"Trisomie 18, Translokation";"";"";"";""
"Q91.3";"";"Edwards-Syndrom, nicht näher bezeich- net";"";"";"";""
"Q91.4";"";"Trisomie 13, meiotische Non-disjunction";"";"";"";""
"Q91.5";"";"Trisomie 13, Mosaik (mitotische Non-dis- junction)";"";"";"";""
"Q91.6";"";"Trisomie 13, Translokation";"";"";"";""
"Q91.7";"";"Patau-Syndrom, nicht näher bezeichnet";"";"";"";""
"Q93.3";"";"Deletion des kurzen Armes des Chromo- soms 4 (Wolf-Hirschhorn-Syndrom)";"EX/WS";"SB1/SB2";"SP1";""
"Q93.4";"";"Deletion des kurzen Armes des Chromo- soms 5";"WS/EX/ ZN";"EN1";"SP1";""
"Q93.5";"";"Sonstige Deletion eines Chromosomen- teils (Angelmann-Syndrom)";"ZN/WS";"EN1/SB1/ SB2/PS1";"SP1";""
"";"";"Turner-Syndrom:";"ZN";"EN1";"SP1";""
"Q96.0";"";"Karyotyp 45,X";"";"";"";""
"Q96.1";"";"Karyotyp 46,X iso (Xq)";"";"";"";""
"Q96.2";"";"Karyotyp 46,X mit Gonosomenanomalie, ausgenommen iso (Xq)";"";"";"";""
"Q96.3";"";"Mosaik, 45,X/46,XX oder 45,X/46,XY";"";"";"";""
"Q96.4";"";"Mosaik, 45,X/sonstige Zelllinie(n) mit Gonosomenanomalie";"";"";"";""
"Q96.8";"";"Sonstige Varianten des Turner-Syndroms";"";"";"";""
"Q96.9";"";"Turner-Syndrom, nicht näher bezeichnet";"";"";"";""
"Q99.2";"";"Fragiles X-Chromosom";"ZN/SO2";"EN1/SB3/ PS1/PS2";"SP1/SP3/SP5/ SF/RE1/RE2";""
"STÖRUNGEN DER ATMUNG";"";"";"";"";"";""
"";"";"Chronische obstruktive Lungenkrank- heiten:";"AT";"";"";""
"J44.00";"";"Chronische obstruktive Lungenkrankheit mit akuter Infektion der unteren Atemwe- ge: FEV₁ < 35% des Sollwertes";"";"";"";""
"J44.10";"";"Chronische obstruktive Lungenkrankheit mit akuter Exazerbation, nicht näher be- zeichnet: FEV₁ < 35% des Sollwertes";"";"";"";""
"J44.80";"";"Sonstige näher bezeichnete chronische obstruktive Lungenkrankheit: FEV₁ < 35% des Sollwertes";"";"";"";""
"J44.90";"";"Chronische obstruktive Lungenkrankheit, nicht näher bezeichnet: FEV₁ < 35% des Sollwertes";"";"";"";""
"P27.1";"";"Bronchopulmonale Dysplasie mit Ursprung in der Perinatalperiode";"AT";"";"";""
"GERIATRISCHE SYNDROME";"";"";"";"";"";""
"P27.8";"";"Sonstige chronische Atemwegserkrankun- gen mit Ursprung in der Perinatalperiode";"";"";"";""
"E41";"";"Alimentärer Marasmus";"";"";"SC";"ab vollendetem
70. Lebensjahr, sofern dieser durch Schluckstörungen verursacht ist"
"F00.0";"";"Demenz bei Alzheimer-Krankheit mit frühem Beginn (Typ 2)";"";"PS4";"";""
"F00.1";"";"Demenz bei Alzheimer-Krankheit, mit spätem Beginn (Typ 1)";"";"PS4";"";"ab vollendetem
70. Lebensjahr"
"F00.2";"";"Demenz bei Alzheimer-Krankheit, atypi- sche oder gemischte Form";"";"";"";""
"F01.0";"";"Vaskuläre Demenz mit akutem Beginn";"";"";"";""
"F01.1";"";"Multiinfarkt-Demenz";"";"";"";""
"F01.2";"";"Subkortikale vaskuläre Demenz";"";"";"";""
"F01.3";"";"Gemischte kortikale und subkortikale vaskuläre Demenz";"";"";"";""
"F01.8";"";"Sonstige vaskuläre Demenz";"";"";"";""
"F02.3";"";"Demenz bei primärem Parkinson-Syn- drom";"";"";"";""
"F02.8";"";"Demenz bei anderenorts klassifizierten Krankheitsbildern";"";"";"";""
"F03";"";"Nicht näher bezeichnete Demenz";"";"";"";""
"F41.0";"";"Panikstörung [episodisch paroxysmale Angst]";"";"PS2";"";"ab vollendetem
70. Lebensjahr"
"F41.1";"";"Generalisierte Angststörung";"";"";"";""
"F41.2";"";"Angst und depressive Störung, gemischt";"";"";"";""
"F41.3";"";"Andere gemischte Angststörungen";"";"";"";""
"F41.8";"";"Sonstige spezifische Angststörungen";"";"";"";""
"F41.9";"";"Angststörung, nicht näher bezeichnet";"";"";"";""
"F45.40";"";"Anhaltende somatoforme Schmerzstörung";"CS";"PS2";"";"ab vollendetem
70. Lebensjahr"
"F45.41";"";"Chronische Schmerzstörung mit somati- schen und psychischen Faktoren";"";"";"";""
"G54.6";"";"Phantomschmerz";"CS";"PS2";"";"ab vollendetem
70. Lebensjahr"
"H81.-";"";"Störungen der Vestibularfunktion";"WS/EX/ SO3";"";"";"ab vollendetem
70. Lebensjahr"
"H82";"";"Schwindelsyndrome bei anderenorts klassifizierten Krankheiten";"";"";"";""
"N39.3";"";"Belastungsinkontinenz [Stressinkonti- nenz]";"SO2";"";"";"ab vollendetem
70. Lebensjahr"
"N39.4-";"";"Sonstige näher bezeichnete Harninkon- tinenz";"";"";"";""
"R13.-";"";"Dysphagie";"";"";"SC";"ab vollendetem
70. Lebensjahr"
"R15";"";"Stuhlinkontinenz";"SO2";"";"";"ab vollendetem
70. Lebensjahr"
"R26.0";"";"Ataktischer Gang";"WS/EX/ SO3";"";"";"ab vollendetem
70. Lebensjahr"
"R26.1";"";"Paretischer Gang";"";"";"";""
"R26.2";"";"Gehbeschwerden, anderenorts nicht klassifiziert";"";"";"";""
"R29.6";"";"Sturzneigung, anderenorts nicht klassi- fiziert";"";"";"";""
"R32";"";"Nicht näher bezeichnete Harninkontinenz";"SO2";"";"";"ab vollendetem
70. Lebensjahr"
"R42";"";"Schwindel und Taumel";"WS/EX/ SO3";"";"";"ab vollendetem
70. Lebensjahr"
"R52.1";"";"Chronischer unbeeinflussbarer Schmerz";"CS";"PS2";"";"ab vollendetem
70. Lebensjahr"
"R52.2";"";"Sonstiger chronischer Schmerz";"";"";"";""
"R64";"";"Kachexie";"";"";"SC";"ab vollendetem
70. Lebensjahr"
"M80.0-";"";"Postmenopausale Osteoporose mit pa- thologischer Fraktur";"WS/EX";"";"";"ab vollendetem
70. Lebensjahr"
"M80.2-";"";"Inaktivitätsosteoporose mit pathologi- scher Fraktur";"";"";"";""
"M80.3-";"";"Osteoporose mit pathologischer Fraktur infolge Malabsorption nach chirurgi- schem Eingriff";"";"";"";"längstens 6 Monate nach Akutereignis"
"M80.5-";"";"Idiopathische Osteoporose mit pathologi- scher Fraktur";"";"";"";""
"M80.8-";"";"Sonstige Osteoporose mit pathologischer Fraktur";"";"";"";""
"STOFFWECHSELSTÖRUNGEN";"";"";"";"";"";""
"E74.0";"";"Glykogenspeicherkrankheiten [Glyko- genose]";"ZN/PN/ AT/WS/ EX/CS/ SO1";"EN1/SB1/ SB3";"SC";""
"E75.0";"";"GM2-Gangliosidose";"";"";"";""
"E76.0";"";"Mukopolysaccharidose, Typ I";"";"";"";""
"E88.20";"";"Lipödem, Stadium I";"LY";"";"";"nur im Zusammen- hang mit komplexer physikalischer Entstauungs- therapie (Manuelle Lymphdrainage, Kompressions-the- rapie, Übungs-be- handlung/Be-we- gungstherapie und Hautpflege); es sind nicht immer alle Komponenten zeitgleich erforder- lich
befristet bis 31.12.2025"
"E88.21";"";"Lipödem, Stadium II";"";"";"";""
"";"";"";"";"";"";"nur verordnungs- fähig, wenn Er- nährungstherapie alternativlos ist, da ansonsten Tod oder Behinderung drohen (gemäß
§ 42 HeilM-RL
i.V.m. dem HeilM- Katalog)"
"E88.22";"";"Lipödem, Stadium III";"";"";"";""
"E84.-";"";"";"";"";"";""
"FOLGEN EINER SARS-COV-2-INFEKTION (POST-COVID)";"";"";"";"";"";""
"T20.3 T20.7";"";"Verbrennung 3. Grades des Kopfes und des Halses
Verätzung 3. Grades des Kopfes und des Halses";"LY/CS/ EX/WS";"SB2";"ST1/ SP6/ SC";""
"U09.9";"";"Post-COVID Syndrom";"WS/AT";"SB1/PS2/ PS3";"";""
"VERBRENNUNGEN ODER VERÄTZUNGEN";"";"";"";"";"";""
"KRANKHEITEN IM ZUSAMMENHANG MIT AUSSERKLINISCHER INTENSIVPFLEGE";"";"";"";"";"";""
"Z99.0";"Z43.0";"Abhängigkeit (langzeit) vom Aspirator i.V.m.
Versorgung eines Tracheostomas";"EX/ZN/PN/ AT/LY";"EN1/EN2/ EN3/SB1/ SB2";"SC/ST1";"Unter Einbindung der Ärztinnen und Ärzte, die die medizinische Behandlung der außerklinischen
Intensivpflege ko- ordinieren"
"Z99.1";"";"Abhängigkeit (langzeitig) vom Respirator";"";"";"";""
